mtime,U0,U1,U2,U3,U4,U5,U6,U7,U8,U9,Ua,Ub,Uc,Ud,Ue,Uf,Ug,Uh,Ui,Uj,Uk,Ul,Um,Un,Uo,Up,Uq,Ur,Us,Ut,Uu,Uv,Uw,Ux,Uy
2020-10-10T00:05,246749,271644,279121,105850,315212,242737,403229,478494,476527,398204,529532,212816,128763,231964,449989,286688,394333,193189,188578,444559,16263,166252,51518,33966,204188,109783,312888,516382,464032,195314,422137,322532,363123,422016,141820
2020-10-10T00:10,467156,534870,488358,244076,257451,288500,317796,541464,210013,337088,535739,538443,81861,446388,289936,187133,466066,440072,82320,296300,510726,525187,135733,247122,63549,9595,297639,26587,342059,347205,467193,206081,306315,444203,7781
2020-10-10T00:15,177128,359038,434472,492092,267980,329887,322488,248609,433713,440066,111811,314435,470806,498743,49037,536589,462323,364181,88230,311758,515471,268149,29974,187270,292296,426823,346570,40309,374629,8223,179217,264278,460230,239132,144127
2020-10-10T00:20,379698,359136,33938,459201,440755,220052,119450,391160,139854,305043,119105,315228,403552,242685,184313,55939,411310,402263,247729,463745,348921,246295,503946,472474,384258,149732,314309,1007,87722,14722,390873,498718,485156,251654,64534
2020-10-10T00:25,543618,293204,378351,44429,314989,321973,126278,56662,198354,508632,240067,155972,90170,360742,239003,88491,183469,135966,427557,164483,367341,404416,386786,43393,398061,110908,438945,130061,352676,86797,132102,224117,496741,244092,276107
2020-10-10T00:30,162816,424938,223093,482511,549829,28199,247569,4764,264573,439232,132143,384918,176993,175630,357156,398498,381358,340640,477432,344067,456111,353764,142998,435565,425543,492371,185234,49334,539138,486041,289530,108114,502397,148526,82385
2020-10-10T00:35,325655,76764,380304,277230,423147,417950,350686,477105,310132,369262,97537,472143,197769,192026,169629,174746,494037,74080,454297,240319,426035,498285,515760,100532,416802,540700,65829,245551,143207,395356,177616,412364,457337,275879,391882
2020-10-10T00:40,116401,484325,340057,209403,10904,356833,466981,523353,32647,438243,481029,2347,429000,14126,294757,249823,15932,536710,39816,165146,330676,241928,156505,242598,542504,69744,16405,200745,485696,490186,46731,107542,356636,81244,485827
2020-10-10T00:45,469020,469801,81489,115422,66044,269757,371837,279816,223517,477415,353021,347247,499236,212056,169495,116956,512391,479639,6883,429045,119780,400541,548034,231736,152251,216193,124409,156262,503099,167861,291966,179365,54436,508973,25400
2020-10-10T00:50,460941,340035,234927,17166,416627,287883,368061,490006,52895,372684,318690,397305,442892,137983,439985,500403,288586,301368,388449,297258,282614,123597,119771,280443,485270,66947,480962,32047,270841,11142,90735,490713,453276,177573,33526
2020-10-10T00:55,490941,60225,209333,340606,115810,132943,116997,10827,70810,433305,492458,111931,8114,236923,387175,481495,177402,470733,341391,141685,49666,155717,80822,172560,170957,539718,404452,357269,514487,235329,225682,431564,106729,211603,481661
2020-10-10T01:00,467489,528999,109231,300764,12929,231297,429886,58435,79188,446084,188373,356247,89928,84666,498681,329926,365011,503387,257348,240190,399796,29424,342607,282071,543206,542274,360679,351502,138593,120490,200512,169591,33689,177606,309536
2020-10-10T01:05,148010,197270,486419,78205,472501,256880,392869,387396,123088,201849,44372,251365,143122,244469,232604,304395,102355,277638,524808,103740,48663,389139,124214,18629,520919,492606,523315,531576,503676,278322,412050,386896,219783,456644,183070
2020-10-10T01:10,392417,213644,515463,305700,463954,41958,205174,146200,36155,219562,110423,455836,154819,23379,28284,402323,129713,388017,346359,500557,93133,231004,500315,96394,385642,466111,439827,320010,289523,226300,429631,145838,195793,154939,172744
2020-10-10T01:15,162644,475747,41786,178208,251850,315792,55338,70138,369027,269698,344324,54380,166605,251322,340289,236095,92991,489283,343866,359526,17675,499712,207155,12225,351089,8476,449872,520551,268749,120502,386004,511803,123888,533903,364529
2020-10-10T01:20,519523,193956,223667,225675,271346,244894,85646,528517,61684,27622,416172,124135,43085,416112,188245,229078,305083,524602,123489,454833,85862,492055,450269,487077,214067,184368,188551,63045,263807,54074,536272,22043,155074,324378,275096
2020-10-10T01:25,380216,65963,66273,105987,113930,401100,48159,27056,210152,180425,496705,199944,10581,228245,167211,359684,114444,272772,194948,58389,163254,125129,186976,401091,481137,421512,70890,102233,163097,439582,56609,199739,346992,121188,246129
2020-10-10T01:30,309545,449067,63369,343535,188771,441002,65591,250516,545760,457622,513003,33567,533655,294026,518597,32619,114906,485869,57920,212205,225907,149118,109059,236349,42691,373723,471190,526176,486564,379863,434160,104069,502705,519109,275239
2020-10-10T01:35,257313,485716,435762,35194,245087,379456,277360,190265,160699,45033,514493,73790,71399,24144,400304,87530,302836,343989,232795,77356,486894,22177,477778,417260,65006,489849,98059,178754,237737,173767,20659,76025,261544,11039,47085
2020-10-10T01:40,459906,436668,245744,205113,448267,68098,338496,478945,369757,284472,213986,424250,436454,477137,376224,174451,111384,242463,223373,29700,219651,163791,34483,21602,512762,452232,244126,474105,316256,322019,247546,488498,78040,173692,334840
2020-10-10T01:45,537075,145968,513301,263172,531600,80732,517836,316298,217588,335995,399841,345223,146342,333801,479654,201622,173814,70216,200402,430198,267197,160933,472457,103496,37797,399062,469050,265645,149525,150263,399720,236151,519402,279878,196353
2020-10-10T01:50,343153,185081,538188,206129,244766,22256,74122,74210,352616,271069,99252,421888,483538,420946,314628,224028,494130,53881,467222,136968,92920,430482,476847,280754,57469,420489,336281,438406,255627,322464,216231,422106,265372,203457,24067
2020-10-10T01:55,96874,84645,3097,44087,148363,332878,407381,148014,223384,408346,280306,425817,433669,453167,127152,397678,70646,405174,479689,30073,354699,5236,201390,497322,512587,27993,506112,336778,268155,187716,110100,428494,12480,302888,281683
2020-10-10T02:00,323295,526779,290738,76291,547684,206888,236866,244672,477217,180598,462201,25147,235096,81322,474090,520019,419605,128420,188037,502957,298275,139587,344506,518307,133357,315792,538845,115948,253012,174248,508552,491562,30036,244078,432829
2020-10-10T02:05,160732,311662,278341,8048,318807,134261,216421,18061,133372,207663,402945,379179,491768,265593,527734,545387,139388,71250,26219,345486,38956,118184,256457,155258,535554,50495,340285,216015,276927,337166,529259,370881,539174,483033,227504
2020-10-10T02:10,406459,497173,197362,462581,425301,473721,344257,403689,543518,28348,335669,545572,156504,90505,43808,542910,463662,120347,31821,50365,307914,116019,502499,203496,78150,426006,436700,167595,183371,373790,333656,386676,183031,71030,42038
2020-10-10T02:15,363210,430255,16984,395781,67689,487030,475270,18489,272742,158283,19043,172765,144943,325622,529306,216181,506811,57635,470358,222132,487319,128812,105495,103279,478528,72696,55672,193349,292670,27154,61411,171847,535487,317457,153735
2020-10-10T02:20,292548,311528,263211,252965,145849,363968,289248,367180,240370,459195,534607,14519,482279,498787,129336,485590,209757,371637,23059,168159,298242,410567,241672,294606,64610,9931,178569,308720,205598,499987,115499,372607,79885,85500,17060
2020-10-10T02:25,417577,180706,431477,517325,443517,58976,43655,436169,157198,34985,205394,341675,410064,154985,513757,242874,416013,86757,130827,45868,459979,181529,20918,355144,57036,516899,96625,251546,539206,545864,506972,74236,308278,265989,36147
2020-10-10T02:30,47895,541581,34903,143464,172343,399447,198223,160289,305444,73196,443365,259653,86667,426017,174422,394983,397802,448241,41848,63558,57059,189296,206260,441379,73380,242254,59696,106282,515025,476827,138213,505004,161358,462076,523841
2020-10-10T02:35,423449,68631,428694,181995,395399,60877,204854,390840,43146,23122,378715,420517,477312,124033,507231,533792,181759,413292,99850,537073,347269,14716,484078,448405,259539,546762,124953,246625,33850,125232,442947,16469,92371,104383,332349
2020-10-10T02:40,49379,74295,283879,129996,453031,147133,399258,241388,278122,326503,445254,452546,316102,382349,33871,390263,482365,435576,106057,157345,22369,94722,321959,91062,464745,193567,233790,164599,527038,490994,413079,316119,454650,72532,57843
2020-10-10T02:45,98816,293324,121952,286176,221916,157393,519976,201581,381358,99205,330222,348481,92281,98194,537286,494486,165820,280595,111091,354217,47289,38326,331559,235995,494040,353779,165925,47425,302099,320206,83922,510482,365198,191736,510667
2020-10-10T02:50,434056,71164,2704,439736,303752,216115,171055,76557,379704,305183,341216,205696,253125,107256,532243,278820,4115,420068,68523,529295,123953,397410,483168,68193,31312,188490,516238,115919,436319,30566,109932,331997,86886,437079,147616
2020-10-10T02:55,36856,282106,445812,544692,364794,548210,420289,43854,327385,425967,45039,292408,382675,243298,308609,436981,205575,489448,29301,515282,480785,25936,527043,178321,545930,263456,187731,291943,150369,39480,324877,84893,390327,13974,397637
2020-10-10T03:00,153948,393839,121816,424319,452751,187486,399333,38280,272166,98784,385449,278238,477242,86323,505044,384947,388681,89283,472864,324050,282464,453420,261915,273796,15871,399580,398903,519900,88614,5460,2756,235369,47375,292610,518227
2020-10-10T03:05,98415,353894,137074,411260,438189,133185,124641,233142,356023,23831,29491,339158,536536,164958,239032,348651,177479,103960,126436,68670,48577,542734,216579,151481,434992,464089,248690,133510,506619,362846,155220,378289,459029,347670,234041
2020-10-10T03:10,522287,437573,18655,262961,102915,225985,227240,471591,448224,326817,395516,277186,390052,364680,418743,533992,44495,315272,535229,465091,314025,486414,240749,442231,151484,27225,283386,113055,407642,421854,370164,178058,311148,52002,292576
2020-10-10T03:15,409792,417840,186854,361278,452738,447242,139256,417334,339058,516916,413912,206091,184636,523685,98777,140827,344758,358916,535373,97611,443365,203481,275934,368478,135122,344229,328533,197693,402340,76252,187067,522650,397750,255923,528522
2020-10-10T03:20,57931,413762,124445,381904,333628,398830,334392,401137,37091,214501,81013,170888,242023,140215,36437,472244,134999,261031,220690,38082,388578,362634,408547,497745,394075,452491,409747,418993,282303,277254,349013,345120,451446,21588,196351
2020-10-10T03:25,178184,235232,91558,351234,337672,256769,408693,289201,228087,257497,245355,35298,230282,320319,543218,343057,6852,311538,539245,430802,175229,474078,244746,490710,327680,284578,65794,87231,320202,297641,138298,115128,503376,339417,48128
2020-10-10T03:30,154631,381248,415819,45836,23020,89954,464727,547058,311579,355010,160642,283096,260494,274372,54539,251023,526059,219746,267225,397638,416796,369248,389593,372421,276506,419448,404467,307879,215890,6301,501825,11022,410878,357503,314412
2020-10-10T03:35,116383,348278,320955,55345,363580,525407,532190,246252,380302,42372,249755,333632,452682,271972,52902,190494,548827,471958,228646,394321,476356,526497,497693,179243,59309,318127,251072,54144,260790,17946,436311,153011,235663,305069,34051
2020-10-10T03:40,300268,118369,60486,33125,377526,482023,533847,110020,25684,274244,148126,67069,132323,478999,49291,397499,292946,536153,105350,292377,1913,170137,84881,340862,141241,194473,505184,431480,251766,519682,260492,292493,339135,290871,97372
2020-10-10T03:45,526219,200026,190297,212666,270358,479504,464457,9629,149148,311590,390796,309792,536847,434718,4795,181159,203781,67160,459419,423727,292836,374836,56070,135275,539703,141841,421844,259953,460592,343106,27948,402990,477707,112804,350982
2020-10-10T03:50,511537,460015,327085,383685,243274,329792,460623,151277,342033,367152,258140,460673,33063,477141,134899,317298,548790,510455,468831,152527,376954,315276,253357,135287,182878,512572,203967,68534,117124,112629,193049,242268,518641,323565,192392
2020-10-10T03:55,24513,7006,386942,116865,307805,318893,39997,377472,331722,285903,211400,150046,153195,104084,370327,438921,196203,478286,83403,419253,324606,141914,68841,54758,435893,211025,158790,13456,87310,138430,70070,273830,364907,278072,72723
2020-10-10T04:00,73909,365417,173255,132671,67450,19617,109918,296710,123092,204109,133675,393112,255330,381405,392628,88676,130848,436575,160078,312253,55537,380196,3017,34262,108133,133159,94562,111751,261133,497558,46974,337878,532518,433599,214370
2020-10-10T04:05,46167,439063,144270,400448,461265,203187,247574,369230,212964,120549,463791,538519,115498,191642,35673,369434,399316,143550,512678,28402,533386,197649,87137,526787,376959,374727,406007,317532,398818,173153,300813,68598,98761,523628,250672
2020-10-10T04:10,119317,27540,388108,348456,525462,210624,214930,487119,272617,4941,197663,140890,355695,141590,454454,372916,310718,374204,226631,227883,511613,74154,127463,364634,176064,525563,207155,215006,363800,360186,139023,356381,77580,365735,504070
2020-10-10T04:15,302333,10361,419539,224547,342799,426510,380272,532420,100587,499327,262586,27570,212479,44580,450719,534364,335053,49431,32906,313804,520980,130828,474999,295506,43660,475488,225340,93384,171546,538295,396746,288531,495533,297362,341334
2020-10-10T04:20,459056,247881,127206,536760,267352,161809,505720,300926,21029,4927,72336,17216,72663,246550,484446,412518,526601,248341,27124,252809,224308,409470,282571,128574,140016,396559,472018,507283,130061,152334,517440,238299,379025,236264,283103
2020-10-10T04:25,153126,259077,228132,329821,101795,420096,72819,377744,168088,179861,467834,341566,226144,110383,254022,542711,97152,409255,433292,119330,393122,408768,406952,382728,144130,357919,424893,164085,318497,466748,389235,348850,366851,519532,421032
2020-10-10T04:30,389021,58906,164666,132861,375201,207704,485035,131903,219444,100238,252809,107253,162912,268017,538612,221734,386658,543350,467454,462786,463915,10101,425444,513058,265654,220197,10114,279375,95222,373645,393560,419871,381755,1317,493782
2020-10-10T04:35,335162,298833,350070,520585,456665,260167,107740,16719,526046,46101,543874,541540,124025,96535,257774,465925,171404,412598,363260,344055,529213,536283,38103,130080,451383,127811,473578,381940,44616,402125,520879,309342,76474,538697,483874
2020-10-10T04:40,321799,81247,415874,108902,313979,516156,345082,434133,63238,345122,78135,405090,336082,496872,106783,118854,174937,157762,523175,62139,346827,523230,388854,308707,205643,175175,148134,397817,28861,509105,279771,254218,220261,513835,26266
2020-10-10T04:45,258372,149046,515176,425706,380699,223531,17772,274924,201717,359146,235198,345785,392360,208883,271590,443246,308042,302196,507479,253123,485015,513852,340119,321405,126163,3498,22340,330040,349969,64895,360871,165096,275053,65318,8647
2020-10-10T04:50,66638,136072,525347,487572,14079,515129,460073,177130,17589,5629,184017,237308,173566,492250,91606,468738,2321,468368,247941,538708,232974,88283,96727,135940,59367,217749,397447,232853,38146,89188,102201,466830,271773,111141,165149
2020-10-10T04:55,481066,177026,115230,281127,219532,441576,429022,411496,312360,337295,43670,298393,178226,475156,369322,334755,410226,108206,175814,126723,210840,179058,401009,246218,198668,270299,154589,491441,52522,257362,383942,59943,31686,68639,128338
2020-10-10T05:00,64733,7447,482495,531424,67663,236441,102538,132208,482199,501799,545468,404430,55865,418691,531393,500903,276052,8899,324418,46253,398960,385378,195519,535557,13325,542309,449169,461001,112506,131307,160415,125444,85068,234782,208798
2020-10-10T05:05,363118,28052,182761,210286,349952,116921,11390,491168,157327,343848,301717,318048,199834,1676,282918,519274,28716,355417,342300,433157,333369,245105,498639,385667,238894,165664,377503,315279,471366,366882,224871,363699,501549,4134,261584
2020-10-10T05:10,286634,453832,420088,103661,349999,285930,100610,85132,130220,360379,248110,421599,435948,411631,201296,545702,70741,188411,276065,113790,35189,357819,416053,303499,327396,438343,333340,323923,18492,417500,259526,373940,346611,403242,513300
2020-10-10T05:15,496712,354544,207556,451160,168982,406798,2000,12683,363054,72232,9053,330498,186538,483687,301646,333959,197730,366136,94769,210322,169104,308,220851,55900,285384,89125,98083,347603,3213,541803,436419,270396,428126,278978,173042
2020-10-10T05:20,469757,484539,257781,158615,199499,125027,10710,471546,77645,200717,66281,256729,248944,182909,384767,433022,200334,541523,507545,97894,63225,151413,452641,94466,373671,470579,236965,203510,411756,302356,121590,351999,121706,366376,482692
2020-10-10T05:25,259388,221760,304486,290411,453876,45165,266575,547688,500928,452530,9602,450994,374886,324580,454581,36830,252438,331404,396643,470119,518811,531464,471228,450661,60355,214151,494147,200003,150213,443084,123825,58995,375641,3737,399227
2020-10-10T05:30,414642,188621,66523,69099,310514,177556,472878,13389,324546,226917,413256,352044,169358,465591,264653,333747,290082,316272,364048,536025,482478,454309,151110,52041,72446,46063,512098,144838,151280,324064,98633,160922,205115,45318,323191
2020-10-10T05:35,316010,208138,503089,327776,354108,444029,511287,237217,248704,83765,479282,97466,213900,134444,393708,185707,375002,528896,318026,541295,307603,400627,395443,225216,376733,456023,28703,83915,113379,156439,300400,235207,255973,502713,414024
2020-10-10T05:40,205061,262833,361418,513554,294745,50446,277853,356394,192345,91411,141276,282753,242780,53815,333605,398473,408396,457518,283463,2312,135853,397121,326421,124733,146307,3883,543993,300315,207400,133508,75166,151220,356617,444285,435202
2020-10-10T05:45,295138,129118,306377,220713,476689,416456,413408,147880,177304,46570,260860,166391,474396,474216,459945,468672,244045,382654,115673,283532,123354,274326,44469,370868,314038,409379,50375,182604,396691,465911,19081,345061,523974,219138,163904
2020-10-10T05:50,263286,331774,70046,423777,464809,527531,935,410790,291200,491798,100824,481005,73557,343980,426606,228041,501321,35789,348481,372909,472588,415965,1289,63357,12801,107389,454445,387007,537767,166353,477920,521404,525341,330416,529919
2020-10-10T05:55,513581,514933,527362,126153,534474,100269,223896,199711,493511,148738,297429,82320,131169,469461,408415,532187,505523,199784,51365,275320,193774,182003,97788,295604,141288,42929,435550,535657,215611,255100,495097,83660,48320,184536,163973
2020-10-10T06:00,115420,422569,13685,48653,204665,330260,198225,64421,250681,543865,274813,119588,58013,67289,441209,267918,306670,131672,70443,353749,257844,253138,515636,16109,354944,115047,454592,330496,512500,10416,282694,462416,135911,502352,186394
2020-10-10T06:05,460197,63125,247435,156849,244729,416459,523137,261115,381304,475061,395148,74791,168184,104572,506108,495198,44340,332512,271247,12390,325820,38776,110756,403791,222450,387537,363764,526431,399629,477595,211862,370630,251370,522464,400453
2020-10-10T06:10,191758,177780,386910,29140,236575,510025,255128,403270,264939,136068,466134,334993,211297,177333,527849,272154,174019,417900,147085,83740,315650,279052,489393,236679,169820,261464,308929,379882,77577,360653,117508,367082,161917,18251,410373
2020-10-10T06:15,357651,428410,223562,454385,159038,328848,81006,182162,428059,510943,516150,120278,167373,343849,55291,345677,421138,168921,200745,300642,252171,16425,307518,232266,55398,422154,514465,534053,362220,186319,524302,417894,443150,330200,389650
2020-10-10T06:20,319083,113705,313509,496928,322759,312637,445169,292969,416141,166252,377816,530705,447894,509365,328189,455813,474313,459209,291188,290153,312513,333751,540011,372111,481419,200665,183701,166353,160027,524200,357849,369231,336773,346133,226952
2020-10-10T06:25,421556,302076,358227,207001,449023,547786,226166,53601,236503,456358,547785,103523,404386,420947,285339,378941,263428,435756,164999,71423,432379,153073,244617,288861,49299,464620,291629,289467,478598,409614,41441,474112,223111,515584,93895
2020-10-10T06:30,285498,332402,352775,339207,337466,160549,466094,251094,77282,13633,158514,101607,372356,414803,345155,87953,468200,333360,236914,385299,417711,293011,56374,215354,209715,195161,44823,448057,367005,333991,440090,225133,334304,264126,281085
2020-10-10T06:35,314031,361357,479812,347514,116726,513887,268331,457711,257210,109784,373165,264366,473630,519142,369156,392933,238035,144677,381671,485111,63848,291254,516041,15386,173357,452673,128609,475856,364413,178485,434712,322778,483321,136075,56277
2020-10-10T06:40,184006,92936,138127,299577,113337,58692,90220,268039,201768,365670,186867,485219,113921,47812,171976,533567,456836,175296,250893,38757,419708,250492,468864,65022,490719,302641,73060,89714,127486,379014,250567,24949,184878,326860,40671
2020-10-10T06:45,152018,392385,360783,28767,535250,96884,150521,376183,478664,423238,546547,308265,74605,197145,341330,3305,256567,248454,95157,189824,19654,401809,521791,325933,222747,195028,453340,378059,510813,382439,54066,85737,262582,426231,59345
2020-10-10T06:50,229308,85021,60010,311590,333091,169586,102595,99793,19349,364652,195187,453074,355044,385653,313886,76104,194720,139279,23680,278781,80190,519081,138350,341798,178515,418491,428344,299685,280634,435284,309498,134831,163695,174416,254475
2020-10-10T06:55,430926,260615,248249,356861,25624,3130,178162,254129,467203,66999,418913,380218,440183,196155,468662,42220,34099,184821,325058,454112,181715,268044,463198,93550,294044,51274,221594,384273,428053,129080,249659,46400,539395,510396,507879
2020-10-10T07:00,464895,39051,152329,525965,256955,195379,45546,543537,135965,57634,379616,376198,499107,505809,515613,342225,117184,437929,139291,378059,136462,151826,385107,118607,206578,423223,187423,237015,111494,388558,152939,101579,380629,226898,422770
2020-10-10T07:05,66323,514391,202670,333771,387094,243861,145305,102379,63152,279994,134199,101198,124573,23869,217855,382967,377531,52837,56542,58854,345071,54834,176886,31369,142133,265088,19609,434648,466346,273075,357016,122063,424260,243387,168922
2020-10-10T07:10,138979,317309,529750,104925,83727,323099,129358,155582,467081,16895,209643,384236,24283,58323,485522,406897,545518,55341,88688,542760,245535,503162,150771,410555,419687,541927,300690,547389,213036,82966,349276,242614,423519,233459,167793
2020-10-10T07:15,351122,116946,540122,293321,250803,89172,283049,437637,403418,2876,536684,318138,273844,166881,39820,271118,212750,184381,39070,118219,367442,490860,325188,479938,237024,53974,164414,166446,334571,352331,129839,94918,352314,193215,383475
2020-10-10T07:20,47861,161089,278764,400703,87184,415328,178181,174383,452416,457771,369105,149508,124678,295370,523111,449702,390441,323710,115344,402787,3351,376165,126589,90457,227754,258819,42930,19644,336991,411842,125314,228743,184026,413258,242534
2020-10-10T07:25,43961,34637,537976,156221,228637,92720,317828,78136,95122,70072,100124,89508,369856,300451,196182,257306,434827,10841,77328,394693,19370,436433,296549,271599,346885,249702,140063,517051,385853,463642,8122,131148,406848,308739,226392
2020-10-10T07:30,173998,178116,198705,148774,329989,494192,100805,285046,201569,51278,526306,129504,287564,355444,193809,235775,370592,220638,112874,465827,445493,328589,114572,214182,273108,8673,51516,494185,163784,82712,428034,378571,27479,25377,302950
2020-10-10T07:35,218154,146264,455321,226722,159299,266386,392687,89693,290115,54562,489438,181032,345444,29128,235880,405824,239933,137381,495932,518293,254282,69265,318213,300302,140892,495338,194237,300921,121202,203337,495905,88622,72857,179078,151807
2020-10-10T07:40,346975,43593,392833,136024,404708,237119,105732,64266,166065,324179,389672,156993,114131,474017,42495,413797,242679,192711,104390,530180,444660,457079,42683,471797,310767,146224,138326,387376,171003,229537,2488,50472,55749,284421,308442
2020-10-10T07:45,415593,187601,5826,223946,352959,245167,331047,536340,540499,394981,183307,480716,481028,53265,472808,60290,135439,422044,51034,259541,171913,102246,10798,511162,26928,71415,231678,10202,545377,10922,450679,199687,400863,363508,383221
2020-10-10T07:50,462431,276940,64890,527523,226980,325689,446127,280266,31035,59030,314053,381350,283468,72683,25125,92885,412803,541187,73572,114578,471064,283007,256104,390210,246954,293003,260210,236416,393955,541172,494064,279588,478521,305443,60745
2020-10-10T07:55,14288,289143,242340,485947,372889,412043,436012,99319,198390,93779,152866,270439,504141,439723,195982,122757,69168,170304,361034,466686,76851,13839,259658,523421,212254,476713,253208,253265,297557,446102,342273,64783,213811,250199,221866
2020-10-10T08:00,158799,464267,205228,366981,192831,219160,127112,429059,138615,424135,239470,417801,486007,267515,487319,473961,240346,49999,127918,337555,206634,376186,106758,24913,150307,538447,306377,110700,290439,150193,128740,98971,238706,230317,388660
2020-10-10T08:05,469608,326169,246309,487464,245263,285426,95062,77760,526843,127325,205747,424593,112971,294221,183839,166743,263508,438658,196892,323416,110807,412443,265148,486367,430940,191448,533342,455416,526822,523928,28672,307576,340229,295547,45217
2020-10-10T08:10,430366,401035,270801,442382,61247,416536,16418,347832,66379,77744,355330,176478,127234,431927,167533,423589,65042,303164,292085,380818,470389,26499,32626,366008,401284,249180,182019,448883,193118,256707,327284,391257,230384,91689,410853
2020-10-10T08:15,54558,464488,189053,435888,98192,176466,326416,15312,467410,46856,434055,529522,321343,473280,96505,406836,180654,347210,264322,340096,343718,87510,6347,435187,369580,103767,34542,102297,134505,515170,356274,248205,137823,28747,487005
2020-10-10T08:20,3763,36545,270852,327888,503177,270448,327917,76172,370925,393177,43576,537695,500906,258329,391648,231280,45106,237782,225911,374841,37589,521401,24082,370055,217012,456389,514,424944,544858,121187,392801,504867,440739,357685,336698
2020-10-10T08:25,449915,420773,460871,305384,207578,482404,509518,34527,153817,417343,346263,255425,301111,477375,169431,207752,241409,31358,78977,401341,311565,87906,210986,321622,97320,93161,23064,263041,429675,221615,149395,228306,378311,473709,203023
2020-10-10T08:30,83721,439353,148560,31205,476846,29402,192237,52427,300679,212178,296413,142585,385989,207940,378602,303113,440748,332161,26586,431550,10110,356353,131060,62098,394433,408626,112780,302067,389849,338498,360142,468925,397431,444835,275008
2020-10-10T08:35,312093,465265,345447,45023,505553,512106,364016,93921,39448,236217,49589,1571,458297,232556,489898,256451,334677,357171,21425,158555,437009,249046,504881,486068,260589,100624,112074,483446,87828,372780,415313,305427,347024,369986,125384
2020-10-10T08:40,50742,279412,357395,83928,546754,392489,182179,464781,33182,218738,283272,537774,302477,389265,259472,494529,151433,315308,36205,501032,284335,353691,413714,315174,309450,100455,99777,304627,250529,23974,71488,437092,176699,255025,142272
2020-10-10T08:45,106617,243969,202326,245556,386291,441267,398088,244047,520007,88961,138584,401267,96086,8449,365145,277392,343656,338628,251731,145006,6525,505784,5825,343259,291931,205651,450989,141967,500094,474176,474743,528246,515908,328886,409673
2020-10-10T08:50,496187,29518,282511,194289,250639,113115,400479,428322,467501,521736,457885,239432,505355,124602,20845,116769,162650,287007,547706,8623,319737,362760,25257,407176,108445,375571,285233,272008,116998,152206,23671,312021,482485,59451,89264
2020-10-10T08:55,261116,317109,167900,470477,205311,46320,390418,110143,92173,518342,324213,67234,5651,534061,330429,420909,351652,221627,87711,140427,90520,326338,339852,208562,247002,176027,207137,74951,190035,221819,184859,310372,539816,205021,494470
2020-10-10T09:00,328241,79745,192474,491847,160021,356832,329939,124477,83571,548840,407956,167344,247979,72685,112648,9418,56095,6135,425760,197137,358987,340471,374896,306401,179003,345327,493966,102682,476734,481888,345956,151611,421109,179201,311084
2020-10-10T09:05,235710,277562,278795,237180,60954,413270,202259,204542,332196,198082,43379,216128,9637,145981,419156,218913,7779,248517,149693,334213,287361,329112,349121,258597,127530,61980,194282,86950,338345,548160,225795,113145,261295,510825,237119
2020-10-10T09:10,374476,430636,192413,476448,227284,335358,266267,270982,309416,199790,179819,79148,352354,547316,18464,84856,418303,88987,193489,425890,518747,523172,267327,315767,393380,430021,220196,181824,130785,527591,494165,52496,232462,6434,548733
2020-10-10T09:15,169850,117816,134703,324062,244582,132998,535688,134026,309012,540306,168331,94748,211131,315222,50999,538621,229411,505012,469354,539823,32650,37251,407355,348332,452394,19218,196436,134277,125800,383554,115635,132592,276930,25184,258380
2020-10-10T09:20,448667,103477,467908,218173,405284,407407,59712,37935,428965,264519,226905,366977,212001,428532,92194,444190,73758,347118,489644,549835,403192,86110,488793,56516,22456,188689,132491,322150,44707,517739,292310,334033,100689,140265,507670
2020-10-10T09:25,57147,523972,104931,481425,138034,311482,24027,421909,494013,425471,160256,119188,297005,307431,340300,57120,463957,383681,317401,112040,504597,50864,274893,82725,478429,174110,476772,259497,253939,349064,309502,315483,120425,38647,73103
2020-10-10T09:30,189398,14334,197446,253870,80301,181519,514876,484838,44118,269283,107372,131691,142364,356457,448657,271828,311650,59717,1266,545873,445473,139016,82272,443570,262362,398723,72111,230818,30319,323827,205460,207949,105301,195597,544673
2020-10-10T09:35,293232,399034,277839,367659,221100,337434,501712,475901,189813,24436,374951,485631,145004,150340,378829,397802,194567,424908,65295,433810,32407,402232,412141,122455,446085,488919,382214,432026,418847,7481,214181,279537,467500,62180,230911
2020-10-10T09:40,321041,250411,127165,496064,107504,371361,62132,123554,507078,6042,385995,172349,185365,350738,339473,17676,211493,98057,100823,329833,252133,214195,522431,251307,351646,108040,246452,103693,83726,496198,80608,263023,420651,362434,113511
2020-10-10T09:45,86168,142888,33084,545055,540487,487470,153961,130688,126985,514800,272502,471340,77613,166088,117830,121256,294341,362327,528588,402028,237900,414931,194828,523130,104354,462014,137124,17496,93787,134865,197376,485124,305871,74051,438995
2020-10-10T09:50,494152,123107,194301,461950,368837,160676,503313,22710,226914,259690,149792,528009,11994,397027,12535,429781,43985,362788,306281,544053,448332,232217,536248,147544,387154,277814,372549,513198,424298,88068,461244,11756,416514,193621,153453
2020-10-10T09:55,294662,359925,32235,503660,31656,425426,434369,444144,275105,375712,209706,342774,473994,340657,531917,169556,281757,73900,511183,29909,298769,547279,119784,88725,76498,301935,491010,399823,85201,219732,420020,10408,84506,459572,394579
2020-10-10T10:00,159124,485667,20421,426412,385123,349108,248975,82268,369519,432444,271157,147480,118096,533816,63873,515412,228454,181424,349972,249261,255148,429344,460398,487142,475838,86984,284646,217878,142224,457076,495261,468742,503582,366693,537668
2020-10-10T10:05,511874,533978,118521,524424,209576,533431,278705,179335,153333,280647,460679,374296,190429,44770,402157,324597,243638,495269,132869,89619,83244,33132,529672,59858,281277,390346,435154,146815,65027,84897,399396,144307,271572,190639,67675
2020-10-10T10:10,487975,110286,274813,1813,334540,183227,252059,158489,157197,294105,468127,480758,353429,189635,9109,111985,197900,105707,522689,5602,519809,79949,549210,418019,140869,33541,125317,540578,221976,459541,294117,157453,213634,546405,335197
2020-10-10T10:15,434704,192554,31400,184278,521708,117725,166360,87065,46540,503324,502757,152769,530477,177896,311583,248475,198808,462440,529854,381127,99154,116971,177840,245229,307701,353536,153831,451383,277057,443048,305289,75339,549451,459939,505655
2020-10-10T10:20,489080,455380,320629,296434,466077,185014,324577,460399,40668,31987,145490,22432,129831,339439,389343,113830,512674,456409,224399,112160,232075,96496,383799,523953,264890,438791,379721,93941,2135,465192,325982,136004,351872,301543,71560
2020-10-10T10:25,90698,261794,65152,154814,79411,471433,173660,74495,350987,436004,515889,424717,135813,211021,340774,461620,454449,157129,150671,274172,518344,25528,545674,314279,437829,545392,449728,535282,116344,126888,6104,105823,136261,494863,454705
2020-10-10T10:30,548265,100833,426950,210802,58915,134035,455448,41479,10258,23591,38627,257365,46699,106177,418121,25509,455605,181042,430880,458011,249183,292418,472760,278646,544433,279571,228942,2458,520723,349182,187184,178964,286121,7586,13414
2020-10-10T10:35,124132,409958,97013,16554,387750,137279,97510,40241,69369,498217,280667,388876,467850,155633,225850,393296,364777,314096,246197,158836,329998,523336,120071,231261,415952,235171,13640,458981,41953,132028,105509,389589,37362,468113,388593
2020-10-10T10:40,498348,158174,12807,162263,439148,142870,906,281028,430224,448465,151149,413041,157948,536391,544615,287861,420710,419107,402241,447447,209219,217332,93019,407923,275658,100272,315807,215766,265864,91224,171529,449609,405780,467125,166375
2020-10-10T10:45,221387,493744,26861,140806,147728,60272,368049,327172,524160,375082,522298,393454,46470,401230,93372,447392,257416,224096,232944,128183,290166,212156,532208,24738,233380,317467,385921,136762,197679,85756,29005,496751,278559,3317,128195
2020-10-10T10:50,271039,93981,171644,97105,378540,124188,314818,54946,349062,283729,148670,503429,362975,1996,94851,88125,473541,461812,45493,2565,132336,100195,508998,451753,117631,80644,263553,348755,303971,54435,540968,192841,178271,304279,332559
2020-10-10T10:55,252210,394499,241438,459170,100470,90064,217581,126979,167503,28118,433608,266653,157203,396538,548927,365444,128905,492725,157244,14720,440081,432532,2534,152706,210745,77686,547163,301786,314625,360244,537220,53654,478740,443802,363793
2020-10-10T11:00,240460,9423,488318,365555,465498,541551,437595,321114,199733,38217,30278,438166,363062,501462,322973,29528,182242,311971,189120,23154,486862,150402,56563,131670,50617,414192,37945,202627,273818,174924,41959,174199,67648,42838,177340
2020-10-10T11:05,63592,205470,485557,432673,265883,270581,487731,866,438433,502994,306189,278870,11938,44421,405249,418068,288177,159999,492915,537484,303156,379659,197592,433682,183308,508253,470480,355204,370251,447240,349912,223309,131486,546115,432641
2020-10-10T11:10,394757,292804,537449,449994,210992,309463,177957,484884,160464,490744,230731,196253,468538,186623,214519,522610,298102,82440,45624,47908,209303,533044,484940,391202,244752,300437,289717,120838,239037,79290,31534,242446,102094,162546,387173
2020-10-10T11:15,460736,212916,187878,391253,145793,529186,84706,536339,440646,445190,355030,521309,5046,55620,109209,161230,454088,262090,195429,37198,333897,68741,188288,353836,149621,179821,323223,322674,317994,353389,372915,478270,315671,520905,506283
2020-10-10T11:20,43816,286988,197429,395528,434161,224532,509321,326916,382419,483441,534781,71198,391170,257970,428599,513480,386799,246960,264442,290173,346650,395867,180847,217280,70885,480520,350269,449304,495173,388776,275965,366284,130161,56412,481163
2020-10-10T11:25,313618,295168,463427,307948,349224,471992,167073,104355,445639,274193,356668,259584,36,231490,514953,401608,169214,193194,403432,326686,493021,217115,324402,151595,172113,98302,180238,506718,266062,16649,370731,491848,229168,541544,105472
2020-10-10T11:30,193320,76934,484886,308849,525922,149249,180642,133561,62909,229756,232288,391984,370734,412244,213413,528023,369277,432495,521147,187563,166391,1292,337661,459539,370147,257376,489422,424155,31567,538766,12812,209695,528608,377713,413059
2020-10-10T11:35,447084,251024,188289,549989,548153,60555,14286,158494,498539,299160,159444,144990,193833,346454,55377,115035,434267,319586,417716,42463,95495,251855,282484,125230,214993,77307,367912,366259,272488,17657,217162,383867,539739,405776,202398
2020-10-10T11:40,364144,177302,188016,465787,439632,168411,207547,34419,461777,289457,325187,15201,99010,107795,213386,322008,357729,534349,330803,412582,24680,523687,488645,360734,101736,31121,301018,209410,505165,234525,216181,408423,251346,78699,308589
2020-10-10T11:45,185771,123732,360527,133510,351205,514369,94177,11344,363932,212624,497707,510782,138819,205864,106742,31005,64389,277019,89164,391087,45573,194039,95698,28427,394113,401268,104619,529748,421214,47045,135536,509036,4232,332529,359761
2020-10-10T11:50,147682,19607,210015,297375,218348,248266,335258,383369,55933,193524,126248,360688,399366,309790,303572,543773,278581,2197,479920,262859,176575,261154,486071,216265,328378,390424,481263,432621,67392,536725,379959,66889,480514,442597,188111
2020-10-10T11:55,520378,475362,155776,199913,421243,196879,57832,77144,441276,358559,486533,456059,166120,253617,409979,32688,340157,524473,443792,121738,87377,99644,212311,206573,377238,455267,144984,165618,25421,76412,260704,286039,161908,157999,282751
2020-10-10T12:00,435792,219070,83370,430780,405641,260816,10217,228489,284451,245918,490657,431112,280632,41548,175767,259757,91281,334838,296307,184095,273168,513771,20241,62667,27133,235419,137772,532502,516149,422721,146777,298719,244902,162614,383877
2020-10-10T12:05,238778,413513,260295,251748,548389,252138,183653,33655,104552,221054,485826,438588,431810,69305,115793,246278,422936,330740,359359,486860,339700,312945,285793,254956,170080,284653,327654,345406,136638,229232,348075,61413,338445,324259,440785
2020-10-10T12:10,363950,480105,451698,237324,190653,140977,251238,417856,132262,520188,243756,379320,532016,476088,333849,180795,364835,333072,262662,312155,106498,170355,417115,38206,430774,443564,46394,259693,541040,241668,544496,80314,104612,432211,502322
2020-10-10T12:15,86782,324258,342652,458582,343570,382126,350196,546994,457729,353047,133837,136122,481717,415017,153428,108779,126603,492109,441975,389953,461478,165499,431630,286513,126332,330537,379567,393613,144538,445674,23157,486668,485341,176554,423280
2020-10-10T12:20,256325,48670,258874,310026,38338,129075,249836,329000,542319,241276,83627,378730,42402,115241,226586,105825,113277,427656,180579,191945,175972,292931,136108,41350,319252,202611,488152,148227,449536,46114,521954,77658,170062,491683,427273
2020-10-10T12:25,391028,363061,120126,321184,498561,418047,377302,402976,415473,112908,77645,471376,453760,483895,232921,525007,405918,501672,376870,101962,523688,292811,379494,542762,468391,175888,113841,157889,120983,89804,49233,350794,460750,85112,242
2020-10-10T12:30,475122,518200,244173,360263,7945,506867,406289,158868,442185,227815,536492,532459,494993,133230,170792,200442,270625,15670,481911,325985,20554,336462,320988,301972,31739,292646,395964,384264,181149,25006,445980,381258,515560,338580,102947
2020-10-10T12:35,216752,23203,445964,191339,175835,61621,388845,511984,505803,546015,507795,255324,154346,20939,132979,15718,533227,241777,219935,154777,348414,5394,527159,128167,59256,234305,5472,187968,372115,394852,273523,3333,482544,442299,520768
2020-10-10T12:40,379926,400083,471117,94720,346757,453007,256613,75699,449172,471268,105717,252094,396187,65070,500863,13699,143813,159074,265568,434472,474857,197011,465548,183153,492274,348068,335561,386949,195018,175132,493747,279885,326096,20120,21197
2020-10-10T12:45,155683,424153,418320,73304,125440,374505,275986,292062,391142,381759,379786,508118,256827,165885,501334,461019,520836,311779,317261,46579,118748,368483,148012,369492,234599,359621,200890,539338,225731,73963,426416,133831,309005,210344,27685
2020-10-10T12:50,26867,133804,233459,425567,516390,44839,401491,397214,97060,330121,173050,427393,508070,165907,6464,305218,41439,93961,318600,467186,305130,406963,324695,202419,283035,169669,124417,327286,176291,283883,481135,409276,112963,505163,99096
2020-10-10T12:55,154892,146167,101965,437470,471854,388442,234001,176692,438998,117865,325034,82820,446053,329626,349766,275201,183214,488115,452063,67296,114240,286125,140278,548837,484134,283407,499459,77392,428835,515817,73021,220614,148239,81698,68849
2020-10-10T13:00,284867,533843,376589,468370,476303,207023,293589,330145,439177,284715,165586,426217,23864,82569,74950,273998,273855,129051,17329,5775,149483,484564,84593,299496,289740,331748,221107,132373,394641,106723,336575,26144,89990,359693,540369
2020-10-10T13:05,7292,313761,152599,113116,316137,146459,481847,291474,297309,120753,471476,468247,269968,522567,106880,192757,374152,308223,387181,97041,406598,218058,456841,3875,139695,320038,458404,312282,240731,332026,15910,456570,280138,306441,489171
2020-10-10T13:10,272977,248207,219725,493607,537229,41333,481313,474340,81326,145556,402583,330127,27731,345739,448090,112388,135581,220491,323301,302206,474272,161369,297135,228867,503337,398037,58742,513716,237398,478940,45208,177452,373928,318789,309729
2020-10-10T13:15,299796,347250,66514,525892,287475,404938,23053,46217,462788,231208,403821,478676,352243,363013,110862,131741,321226,21079,524825,361097,475194,313429,242192,97156,245390,89117,280185,277509,79691,408485,314580,486575,442752,177730,105626
2020-10-10T13:20,127763,330002,534810,292970,55993,12322,528440,288585,236949,367303,531974,485520,366463,68907,300798,192319,222141,538283,75225,533153,139188,202214,349724,58939,519195,40134,370985,547307,81043,366234,424914,307976,408765,463736,272539
2020-10-10T13:25,515806,489624,478522,453613,245223,34759,226772,505964,378998,474791,5473,55183,105689,52312,404960,168213,61453,415259,480359,454816,120908,103598,52492,347338,426374,393334,46947,538109,421060,345845,163372,105719,191641,386187,277010
2020-10-10T13:30,508349,95909,492419,305024,330516,254308,516905,88237,370529,547771,171937,186844,397918,141043,194620,224423,87296,120889,150688,452497,258127,314757,199960,306097,161242,415980,142035,111327,473159,519035,235332,409154,543064,84353,396941
2020-10-10T13:35,119480,145181,77338,226702,387304,23895,130276,176927,315330,93474,65666,118841,293669,375873,516213,394744,111942,7683,26860,131226,283553,448041,66980,502849,236676,107642,107991,64260,194421,139877,234099,179063,36214,70790,382380
2020-10-10T13:40,476465,289949,398752,299101,487339,127769,303314,279342,449262,536499,16784,322787,370665,88129,292556,518314,255178,495446,142048,215712,175023,95107,380679,101462,210295,416953,157668,491524,21743,393179,151196,104097,51043,338196,534120
2020-10-10T13:45,205527,361651,449553,538661,499205,410320,208057,66944,45167,522058,281307,524235,134061,142582,12693,459365,417774,208316,128954,464133,493812,65038,126088,390413,529714,1739,52079,260246,109231,164287,359172,112829,51433,409343,539287
2020-10-10T13:50,277024,23982,518381,451322,346316,425204,422435,478002,537031,460399,393255,203950,143773,111547,271054,126475,523140,27958,313325,515291,248771,365567,181513,178172,493378,32668,296533,465254,323802,262869,440089,457411,533034,350646,113663
2020-10-10T13:55,266005,288785,426813,241158,281009,131613,468178,543753,99797,290501,289581,510400,528471,270935,126371,327094,372180,352552,140317,500233,312099,157375,256047,351881,135645,430073,538963,113461,13586,137119,233082,16041,246591,155840,64646
2020-10-10T14:00,345810,308194,8696,303529,450568,87884,500834,138789,530506,393810,444914,11963,56447,239302,484642,455877,154141,231497,429161,351402,416989,513861,122961,279440,372775,403063,530738,78610,42498,150367,536250,536926,266359,516160,125850
2020-10-10T14:05,74434,163871,466674,499580,370739,270350,244193,125978,48139,181854,323312,204862,12074,41691,489465,239020,433978,531010,101799,477770,302797,215578,473447,167418,463531,477520,151764,307905,418800,42591,159803,365759,289880,260132,461566
2020-10-10T14:10,22756,305871,118735,47266,76926,26125,89645,451566,432006,414265,392072,318073,49817,449031,503021,188858,67973,402748,29732,498906,337255,57469,443955,123040,250365,511002,136077,526434,9497,84276,241806,150952,420541,387486,529086
2020-10-10T14:15,12063,228546,240419,343576,468640,246853,276345,93252,254249,229879,169864,536133,160258,305382,140026,422740,122661,208701,216360,382253,330694,182712,221446,280394,380562,408220,485732,486029,35192,215095,134629,137287,441836,248544,207797
2020-10-10T14:20,224022,301563,384797,436490,66718,240051,466254,178181,89457,342801,495194,62716,269641,415371,446227,37787,222022,532212,505785,78284,128359,110597,334636,482568,473567,338970,411115,240994,276511,525979,348886,364368,33362,446677,56546
2020-10-10T14:25,26543,538305,124709,518948,452752,58683,287249,114655,475616,461483,356741,86525,10756,379878,388797,15412,152829,506794,424640,489775,219089,96975,131922,433153,162728,508698,43400,379760,255958,329366,464461,416322,510418,102976,86889
2020-10-10T14:30,294796,416835,162154,133288,431237,112613,358970,10183,380531,301169,113888,325822,85974,431663,410698,198792,273467,352072,83063,238820,159984,166530,131267,60011,115604,449968,257789,150543,432847,474471,333743,463936,154952,241699,215406
2020-10-10T14:35,297949,202923,495074,247153,161596,48007,171285,390514,424742,377741,249128,516348,51464,315581,47072,281059,120072,138476,388060,347125,517818,299269,488883,42487,543028,18655,446428,174900,357140,73977,442387,291869,521213,43818,146534
2020-10-10T14:40,460047,321311,227100,148088,413445,264456,487900,470020,202908,330002,441956,360912,96441,488542,122310,513182,116468,163587,124764,503591,391334,146700,510022,488204,300999,32949,13689,16213,47824,65319,436771,531218,5025,437332,223054
2020-10-10T14:45,157012,509706,118162,118676,445177,57495,195748,212459,23361,32179,433883,86619,324890,359895,506082,158015,143483,273070,4617,443308,455992,482317,296288,360187,293658,350545,320328,478096,61602,57312,354333,85501,437960,340313,127346
2020-10-10T14:50,395663,188906,24916,76303,126583,315281,53345,70867,17236,377350,452923,191237,375087,501760,406521,275457,245947,428531,304721,195366,104455,344235,458338,350941,503223,169718,403249,285237,140136,406843,476583,218695,193307,338352,215636
2020-10-10T14:55,385187,398575,48299,447829,385479,178230,444539,492997,419109,101124,35189,247128,216455,115685,421190,518034,290078,452834,465728,527379,371620,507344,89461,482868,517505,490266,505841,332554,464404,87800,59366,145511,464415,501075,370797
2020-10-10T15:00,532216,462942,367180,146949,188039,228270,46395,451702,150754,532224,544336,66762,342120,417641,199976,140293,73254,531540,118136,238952,516542,20341,147411,512338,186009,306161,357982,55359,549521,289200,28358,388448,79293,538482,500579
2020-10-10T15:05,88998,258787,141358,329417,342861,417096,197856,189683,340832,421226,458579,450209,242766,487936,231729,14495,189259,461148,319997,373634,9446,213565,363772,143187,193330,455740,260591,166786,328606,381720,519371,137585,11940,304111,230817
2020-10-10T15:10,548919,95377,482351,306233,355792,520983,189030,520811,102417,44262,539879,515473,395799,30416,90228,122633,108683,152664,476069,112691,56362,339624,289682,335747,338868,309475,517240,284896,392155,27532,491449,301607,135379,39220,60567
2020-10-10T15:15,274781,26074,439647,104347,428008,151709,434736,372602,364437,261398,397865,487668,106247,467669,28687,338917,206336,122961,485539,494561,125647,269456,397349,94232,395497,122499,12002,241712,379481,274124,451561,139904,486960,113828,87670
2020-10-10T15:20,19519,287022,492695,322439,391495,352212,263418,103946,533654,269282,440397,18773,493452,528427,254461,376166,525966,355031,503344,271878,413620,78242,16258,31181,28386,415624,121354,362913,242887,300381,10435,121619,510139,285805,64881
2020-10-10T15:25,446019,335511,82814,313553,62106,314107,366399,439673,35088,391807,264204,52259,171467,272012,377541,84488,368783,95226,209111,20515,323393,10574,50971,271284,13310,236513,524847,61433,239123,455902,535820,512283,68381,389646,328843
2020-10-10T15:30,476087,379567,297308,499253,404948,335556,529860,391156,366889,170006,163139,341846,136629,521218,138290,360180,116246,147777,542813,94680,178501,154726,192862,424523,183350,115859,92293,489544,20353,475333,325140,525959,97008,352933,15211
2020-10-10T15:35,331973,408217,215919,527614,16885,85530,80363,251697,378472,256200,20185,114833,311902,310759,450547,35227,529898,506262,266078,243108,322567,28776,257905,511419,112153,429905,231212,540564,207238,505916,466418,283320,227288,463877,144171
2020-10-10T15:40,549864,406718,110327,382091,110483,448930,285900,275140,63863,320138,472156,132607,188611,47877,316993,490405,242432,94787,194717,380244,110856,174569,198367,494235,25098,74121,240634,507878,505881,404678,150544,321868,315704,169491,325387
2020-10-10T15:45,367353,447557,69017,111280,489078,522862,464298,257403,122947,335430,199138,454966,424786,122265,466110,207939,534372,83,304733,433633,327728,45885,66955,284478,414826,410370,285510,487474,423780,315692,541436,535866,153235,71515,199332
2020-10-10T15:50,447278,406844,261538,62539,259269,191190,252706,317367,433252,207533,245856,23568,489987,269274,205826,252184,53221,69299,266851,288386,387831,446974,48262,320264,402107,481695,303137,265886,17071,278608,259036,407798,246845,73956,142767
2020-10-10T15:55,269067,192726,269199,251826,122275,279458,79262,463848,140935,228175,827,324747,353686,465353,331949,460593,238811,114499,245114,221100,524315,424690,135574,125378,476882,41157,125305,153105,472957,76614,408488,260713,299654,208335,369631
2020-10-10T16:00,204541,496412,101367,176507,166912,4603,539509,300089,200371,442916,91406,497861,182503,429955,79334,120029,181990,398859,310152,147415,311384,147752,224580,64763,215827,6992,225734,311839,251786,88338,401773,168280,219872,434407,99711
2020-10-10T16:05,195787,202148,71930,438254,340236,322350,371044,481554,156340,476410,411124,402239,158361,154774,173992,353125,543717,341844,200672,336386,535395,201428,150459,129421,10518,225491,425872,482512,153291,113751,41407,533177,349493,88783,110468
2020-10-10T16:10,196943,534757,106286,111275,381292,464721,417583,329120,541266,224109,83306,64657,85051,197808,124082,530439,477815,445322,176516,338340,464822,249558,520900,302134,496360,230346,75282,29691,151035,79550,77482,369057,362173,3329,432816
2020-10-10T16:15,102124,148318,277826,339863,509881,311293,545322,389057,268761,333428,213668,7238,506298,260862,167050,361468,245958,138813,445498,110364,467737,329613,330523,179102,302353,420868,180114,227694,506116,349136,547994,513909,285229,127653,262226
2020-10-10T16:20,11215,549029,540028,482536,316265,543832,85465,71909,161603,361642,145523,377867,150848,456168,20198,366207,486145,394874,333654,2612,532185,161101,403992,120652,184236,447250,276368,354773,158899,213387,296714,479778,152574,233109,447927
2020-10-10T16:25,193790,498789,87024,187446,187931,403807,114046,175969,57081,148323,352732,367724,525208,430977,438256,340713,389558,132430,538038,188057,497545,422214,102464,146044,528519,44694,406563,209922,53003,458231,501991,263430,426794,180082,79928
2020-10-10T16:30,339371,491766,549799,535621,523237,175363,472999,408897,539590,435199,297516,39839,321291,138128,111438,236093,201705,81572,313863,362040,58863,468728,471171,86566,476472,84055,92881,131618,203008,202716,278967,192527,212296,274678,312496
2020-10-10T16:35,57704,524031,153575,106119,526399,318314,544283,348503,426553,396949,507577,63886,229262,238154,371794,237757,248114,524991,445163,25004,357962,315588,490982,178661,382151,546407,43304,77392,354428,224640,37597,332392,185887,219284,246723
2020-10-10T16:40,333202,102191,391313,159474,410820,75963,84188,283921,98321,36579,36414,214350,2850,39830,54416,87849,296641,245096,228438,22914,482330,98717,192761,486625,43587,470208,514005,358330,103563,392167,435196,501631,300144,84323,315329
2020-10-10T16:45,230585,374559,97775,253894,328640,130235,116014,380272,16081,37826,187916,349789,85596,233074,497208,396842,431373,3879,174415,394902,37105,352132,63959,59884,427619,329639,326075,471818,433575,355640,467336,367874,436168,434700,170319
2020-10-10T16:50,68455,186204,7106,400807,227270,114776,190832,504050,398532,131746,516897,451819,207548,191447,124762,2644,10372,15289,298913,149028,518966,31018,509771,96684,500420,22338,532320,298166,108944,395393,308326,208051,484417,248404,501840
2020-10-10T16:55,496354,515376,486972,534342,469983,177757,536248,210525,386823,162166,544796,515411,78565,390710,404892,158887,285348,446965,60065,259608,320575,435254,284284,203344,230634,289023,68353,373543,548806,414761,445966,328968,345709,376638,202977
2020-10-10T17:00,116657,342719,497894,322733,547007,339570,516400,89587,407849,424120,392540,469470,423149,217619,86905,486023,404736,522325,514499,44618,52571,474188,8237,261592,31324,467771,479679,261906,424515,59524,103163,482941,404226,122081,107560
2020-10-10T17:05,142623,417313,81358,192377,200781,16941,316014,171627,488451,393653,274987,19659,421157,190821,80978,154470,192194,150781,387123,377967,471828,298782,62857,256662,409326,54918,529969,326966,156803,549115,48251,341640,411497,201347,71416
2020-10-10T17:10,255078,249843,293147,343977,280122,425131,127444,492074,177398,286519,199961,510448,438413,4093,416509,2099,462197,284988,272559,263586,9787,537242,407540,317028,496672,321223,414781,47785,474016,276713,19983,25598,283568,471457,237422
2020-10-10T17:15,256586,136165,349039,315524,27940,268072,350517,110176,528004,256765,440384,78020,293617,500026,231764,253496,361919,52135,62019,360173,507098,97213,239170,115125,245203,249584,25865,40875,453909,145611,167776,400260,527025,439510,267555
2020-10-10T17:20,430861,403376,323969,278038,140449,488020,42733,487026,280046,88051,80556,410834,347478,464880,276624,75427,415261,178962,175984,62289,52175,399558,326829,165309,318417,415148,332941,176246,274040,120502,138834,266155,480757,160910,527744
2020-10-10T17:25,82227,34703,488782,443388,510350,200690,378585,489644,541537,270688,143626,183644,449414,147820,372884,255000,241240,200850,14267,500381,273622,193799,401785,467359,388223,72134,418560,200684,449510,324841,223892,75763,321757,329946,73702
2020-10-10T17:30,114141,330786,58571,367555,484821,471247,66825,68407,528826,71689,308798,472838,158545,128126,13660,451731,391122,361612,269371,213441,310165,502246,503397,429929,390905,128800,307797,328628,98102,118681,71436,98304,357129,96001,405897
2020-10-10T17:35,225709,161976,177185,327066,373776,106823,126179,337390,105977,232057,123950,340615,193738,510830,322086,385732,131691,185161,409740,170692,246179,441311,371413,459743,118250,368373,9856,108131,146089,428385,174116,473312,547959,394197,401024
2020-10-10T17:40,468254,245031,50161,302316,306465,312609,462239,543447,66915,58583,164213,381062,472224,207407,189546,391555,160533,284590,228016,140144,60807,16426,404297,434891,2943,161732,487637,473772,257113,114531,141505,416456,75283,59141,415683
2020-10-10T17:45,190040,290621,259056,208916,247488,181047,48675,95359,510660,248555,546214,309495,272299,42325,203356,187831,210722,71602,205174,150608,534310,137480,448114,430357,418544,374046,100218,136677,284720,269609,454014,396312,515358,228303,547452
2020-10-10T17:50,16179,526196,20027,48805,355007,477399,516574,38638,148360,422176,341571,46519,267548,189327,138307,454712,11037,312045,291054,116765,2003,142738,73949,336686,103770,335390,261075,117878,411534,85258,376278,389460,173020,210804,326425
2020-10-10T17:55,548662,399888,327565,182713,20314,357101,406051,129826,236186,532642,441487,95922,188720,309283,311724,143741,39404,162684,247178,356874,166462,538549,466348,521374,365079,492381,153072,461587,9202,226635,481526,100573,526499,114760,149183
2020-10-10T18:00,187458,226029,97324,5135,205403,87524,417038,355282,72924,463066,134205,157175,368657,375508,144919,354631,490873,391123,405888,449365,475828,461922,425388,447271,281840,425666,36801,145664,401888,519195,62479,113237,185597,331463,124976
2020-10-10T18:05,381503,273919,522417,471220,204721,132869,61401,449960,441062,365997,198621,451135,518765,178450,158252,478867,251390,522931,281387,260899,288027,488885,400323,197483,204659,99201,278075,275134,525279,394807,125039,392260,320688,125732,115741
2020-10-10T18:10,100650,123070,371287,136363,392482,237584,352395,95310,289775,198595,215309,376021,139930,330672,129747,337361,73727,376475,493923,411014,492656,38350,458237,508408,356290,357282,27282,323232,151100,431676,175041,74627,303769,76360,111158
2020-10-10T18:15,202420,512394,343742,130926,321121,228758,467884,473009,481066,494945,165509,7494,486173,40786,26690,525761,439911,308228,355993,80511,201039,296374,242822,84016,425938,211029,58741,40357,380095,539868,187291,185118,207746,445475,212812
2020-10-10T18:20,30626,410749,247009,171524,14706,248021,184901,480020,310370,360844,226205,468231,92467,199051,484364,262901,282665,378794,364759,256925,387481,209156,110634,104725,386468,202578,244536,427384,238843,252100,321089,491027,472093,285532,27025
2020-10-10T18:25,294162,530710,60546,73435,22623,148568,99629,548391,106989,204195,512835,492006,58019,429165,365963,59107,271546,96796,378135,154828,17015,455804,59147,267087,82423,277019,284844,162750,389323,371610,352530,279965,195761,54084,491192
2020-10-10T18:30,160764,429989,324480,457812,140233,472972,217783,408130,507049,113620,205806,86146,462396,428698,41755,212077,6843,200545,361997,396467,342070,381683,54258,390466,104845,474017,283009,296660,69125,56947,77869,385256,189018,128226,534313
2020-10-10T18:35,365309,485708,108904,376156,230415,360382,61432,70963,27338,304944,21527,51326,469093,325233,9199,349004,387643,417748,356415,76554,378040,55901,361168,219075,539242,79856,219069,234483,548052,60316,525018,208458,1380,105726,380356
2020-10-10T18:40,75953,463193,97801,359638,330159,294508,210067,385136,259682,429091,275606,536277,536787,430047,398924,134155,460768,506135,268489,59381,2927,168233,180507,29280,7801,232525,199232,418986,261831,407102,514999,43473,444007,519808,384699
2020-10-10T18:45,188396,329938,189433,121746,266401,156764,132972,171864,544895,157534,241719,549143,18152,534750,540080,368033,416276,205875,341405,164722,488843,105091,398551,106423,526598,143243,460606,408755,338068,231099,234734,43163,82807,383085,491899
2020-10-10T18:50,322238,62579,215288,252929,524514,170396,56301,1310,444451,387695,313333,190273,311904,416554,88237,196081,449429,62765,316137,64483,110256,86637,237661,283481,529117,268737,325219,328734,390359,60653,24448,171413,295920,277434,426812
2020-10-10T18:55,187410,204440,494258,418321,509102,498551,300220,315750,478742,500654,31176,443730,367610,256611,213392,260309,379132,207376,256640,363612,95874,309556,524023,204375,106124,109239,64141,100112,31019,250943,503918,416562,100619,348490,329266
2020-10-10T19:00,121636,19625,301969,464598,117676,286377,367867,404964,400693,47621,170102,16909,322974,20953,418342,276768,363182,392523,50557,263131,41658,525700,541409,12159,516990,143059,27712,376628,118365,345442,522958,467369,216931,518503,306260
2020-10-10T19:05,259320,335250,481642,199679,179260,532138,49107,273012,405403,443816,225808,251694,168778,271810,262893,451512,103443,386251,494456,505110,344119,13498,374071,525749,149970,238794,537284,259648,301846,497833,377015,469417,36066,313313,211989
2020-10-10T19:10,103042,118172,524205,371683,206173,451544,32398,53813,234813,251080,11976,295088,421896,360660,425552,212872,221668,334046,205437,171395,218233,329791,507450,274978,332647,199679,352727,441259,256572,531820,14898,81498,107107,105748,531024
2020-10-10T19:15,506150,422016,240099,191032,386456,237569,166480,233229,114822,100177,501165,373991,276232,376950,11906,134123,391395,314025,26235,229402,26087,335601,186456,73057,334126,313895,500290,284297,103134,122974,387245,539255,512445,76292,458419
2020-10-10T19:20,255176,123769,28879,429293,161116,104576,40570,177397,495255,526259,85386,371383,89527,347487,316529,54953,476949,185188,47194,87263,272577,42105,368021,547845,66431,211301,507720,483701,468515,41372,90591,84691,376609,240380,168665
2020-10-10T19:25,217818,549200,321099,264836,67950,414314,206199,182816,423529,171514,466911,246808,285467,508551,97972,308724,136937,197571,35175,185940,429505,39043,331856,82698,528931,19796,200554,448569,472259,72460,82667,209944,185006,243229,442444
2020-10-10T19:30,23194,49137,187507,427050,354616,385176,491034,398178,12481,137693,237498,414017,130116,425593,305424,502756,112016,377518,103066,503123,18858,106394,478464,410841,355488,76627,364249,78655,493396,344473,311918,310317,168434,454065,110337
2020-10-10T19:35,144533,61852,294365,497253,63478,467461,123430,290261,418776,147453,78722,11556,461748,136966,462737,489587,437357,527915,527588,174692,435007,122856,484433,502673,66460,227141,47368,155908,334352,83458,537270,65838,229739,103260,211173
2020-10-10T19:40,446401,347996,268856,811,60716,454322,91362,3457,200167,147444,258097,179903,470320,222852,436588,11330,345192,78727,405056,152451,332031,209561,167157,54634,396370,24198,105225,105121,71357,381428,322828,466761,164705,544579,527147
2020-10-10T19:45,395706,333710,22374,150821,77182,32321,545032,2811,281590,260009,303413,11627,96386,35998,294914,207349,84879,399061,348004,169698,389177,192952,3287,461229,421653,409972,549290,162859,347325,320207,179922,4189,145501,469687,423073
2020-10-10T19:50,124542,298680,326982,125036,494941,249294,85896,143296,392722,359369,657,367101,21539,322702,341721,125687,540465,193636,446200,107474,349665,432315,297630,100817,494956,452728,98149,39096,310982,111006,98418,472771,335888,234448,141713
2020-10-10T19:55,311419,10258,246883,543701,512806,230830,391851,247561,503249,3177,504671,194308,493910,96567,393386,519612,87869,113871,363080,21356,13166,163110,289973,156507,339462,320114,481501,176268,265952,413541,407004,538866,38822,455957,204371
2020-10-10T20:00,79653,58996,316765,351549,141834,114960,316248,481944,220382,400936,338393,147364,511984,272373,373689,399980,50822,115438,69042,57802,521820,173207,318669,93851,487015,319673,324796,159433,330468,323285,152953,195607,377542,43370,45227
2020-10-10T20:05,453745,397723,344523,313414,129132,46199,261034,50878,360571,162558,210541,265486,234369,365142,438500,382675,84773,189055,308055,452046,3181,517612,343322,117836,298100,490136,525901,436121,23388,1362,49895,488153,465146,229588,20397
2020-10-10T20:10,116523,486801,481537,234474,86973,458801,446885,379829,309816,463467,162549,107863,175422,357827,535033,397601,272221,268511,276390,6487,180386,497853,305265,273715,329285,457702,536683,337878,540845,437941,131381,26288,300072,397769,237053
2020-10-10T20:15,312939,133654,147079,219709,157597,25029,18781,453305,380257,454222,517435,359366,504232,329855,507061,315016,137366,186709,6624,158777,326294,446661,527067,73911,187838,135793,222726,497821,346257,132828,109689,57928,229280,246297,200649
2020-10-10T20:20,429467,51756,543957,194631,56466,167041,213460,402820,314605,186074,452790,293955,70480,51727,389007,504582,115684,40514,330177,466117,251079,70311,510374,184155,296123,71507,378498,375763,487477,177349,144103,45805,70859,411161,421016
2020-10-10T20:25,147962,173566,151730,251609,301508,224519,101278,60393,184937,542387,418112,514921,85095,78520,547336,164421,80983,508292,406249,38007,119691,400829,4442,468574,28948,253950,105148,478114,140670,513713,198404,265507,293409,453418,9348
2020-10-10T20:30,436681,521200,197501,153565,6983,328870,142490,398075,210757,369129,311230,502231,322843,430842,223450,427769,325969,2123,449924,274185,384892,56578,18147,216466,150769,115104,338497,106576,145919,488608,209219,318606,195420,189082,177560
2020-10-10T20:35,295625,267872,407893,389965,324003,211009,419315,468708,462362,220208,196477,111729,482094,441576,376244,109658,271380,278615,55484,420428,79363,52385,67672,121349,336785,338295,230871,381022,118699,294450,307898,177689,184787,504763,196262
2020-10-10T20:40,241265,447141,133212,40926,31810,49052,463107,178175,185501,245093,469853,324257,337167,22814,296944,316982,170941,4833,238000,216848,166073,118059,182344,238734,137722,109557,4504,241864,332519,275714,341237,548396,407902,378036,83848
2020-10-10T20:45,485698,278850,477546,258345,26631,175123,307848,31402,96107,62899,453725,194411,197419,185146,190510,325154,106769,538151,170962,478758,527826,256290,335396,131896,107205,437070,395562,202672,454421,320781,249757,456250,102923,346726,436729
2020-10-10T20:50,403009,373996,200301,493790,314473,202979,501496,202595,336826,68473,217114,469171,288112,268659,41835,64660,120302,263175,182668,98632,293344,504968,519219,462765,511621,8336,88311,222417,264799,127418,545048,390942,4264,367438,439587
2020-10-10T20:55,86630,455473,377411,390222,239925,526975,425741,236174,133072,183039,280198,212209,73719,14094,95649,482003,61011,196807,430956,446766,47281,523191,83160,179741,543665,143414,464734,493400,532552,105110,356333,166509,300265,233290,284026
2020-10-10T21:00,466936,141013,409460,420846,385878,315082,517455,293706,225485,387120,542440,317230,407284,339302,70362,21138,245595,146105,81366,21388,217399,237611,71003,373857,249721,488568,322021,42325,289475,136141,394171,520176,231690,161515,60258
2020-10-10T21:05,215957,147674,157588,232377,94966,368305,122126,341967,382926,169996,382639,67614,265063,67582,36561,167618,398828,353705,462138,524196,368778,422221,22616,208135,398665,200896,525208,230198,371898,150181,354093,103426,279586,160529,86625
2020-10-10T21:10,378430,215886,366333,343632,278690,164668,498047,494087,28270,184345,216900,69258,162039,447173,339842,203326,500136,489645,114100,244455,299565,502940,55684,356612,271357,495052,359165,262650,468200,101119,274325,527023,100949,425610,2155
2020-10-10T21:15,173403,531899,424626,52263,258784,413289,27198,28144,87814,290557,329547,229256,426093,319984,513641,37707,347342,218153,95855,146336,447182,297006,76811,146164,535605,304504,151629,131821,16235,4403,447300,474386,44226,275843,394146
2020-10-10T21:20,278043,364057,486434,272387,195449,7514,457035,247691,375785,116388,434935,329930,462448,538145,232832,410397,53690,25828,30461,396214,329192,385153,121615,199433,398137,352867,502982,69932,395859,292275,20895,198617,191435,331843,23253
2020-10-10T21:25,487061,231826,451132,546169,165251,470873,22002,408925,501103,503471,282393,213955,283121,367969,454669,386446,105203,323336,303271,501738,457543,441100,505805,77049,491932,4196,306730,31921,234263,330186,386234,356854,511688,113147,363142
2020-10-10T21:30,485892,34444,284092,260131,530914,28259,530157,7937,250816,300110,159185,158848,512518,422840,532634,351997,60951,156255,108988,366958,224363,144055,352182,3887,108018,38327,384089,393990,266506,450944,143106,414526,463634,220307,295188
2020-10-10T21:35,539769,318167,8798,531634,264888,155411,230961,189098,257081,45286,330018,36400,446108,444472,234877,293801,403249,30807,163093,276881,545995,468602,86952,87712,520524,461431,300023,474525,445167,79104,56461,232315,63231,150103,394405
2020-10-10T21:40,118295,33984,127451,190042,41195,500566,101901,538039,432158,239646,112139,461457,115678,340,479496,339408,26502,315293,160492,454826,424495,436805,110029,411768,456912,464748,268218,273632,532024,148643,328557,274502,547368,499885,252171
2020-10-10T21:45,204415,503421,494489,106057,443508,143489,492213,395773,410031,324278,340812,462634,487876,9254,394428,169139,351892,38417,275106,335802,486016,395092,526270,180560,335606,351605,483729,163643,466985,47289,250455,224211,347308,414598,389403
2020-10-10T21:50,309724,208642,77191,529232,445475,193193,269774,320020,245837,145893,171275,501365,88218,314343,116815,68664,322270,105222,527404,534269,473291,276682,278048,129548,257146,504455,211968,319487,513825,480993,410307,521467,512381,88959,358828
2020-10-10T21:55,15597,71098,547352,1807,254669,128927,132293,2654,349365,436906,89354,185602,537615,442839,476097,244448,30056,509703,412596,226321,531097,320181,245173,111151,263105,103898,410867,257618,421713,7916,122848,67723,324845,328016,45927
2020-10-10T22:00,125482,80675,232150,356279,256920,57168,312602,421249,329155,447234,378047,236819,52917,191,270365,352705,167986,299443,464024,21325,160475,155417,232336,182326,535354,262897,392120,337416,376432,42000,175790,368725,220473,1195,151732
2020-10-10T22:05,519826,311890,278995,122779,169915,78873,72944,367854,58864,217657,422406,392566,345724,47116,239594,526664,228769,70029,530899,30896,393153,532363,252255,260614,214091,307205,541504,413021,249547,83308,372415,233429,433596,55410,131644
2020-10-10T22:10,15847,537613,145133,227012,322830,72761,422252,490717,366073,76804,529798,542489,230197,142582,489572,316005,52392,126901,258556,479699,302587,164319,498067,100463,44571,186335,492912,329705,190306,473210,112157,253342,544537,480896,480833
2020-10-10T22:15,511618,542647,435786,536577,519944,486105,360028,354363,163770,316830,497916,191764,402743,257967,296334,72364,36863,250404,434941,129090,137459,371108,505827,135735,370535,549522,264429,438559,355504,304700,351940,104177,482054,313080,19088
2020-10-10T22:20,73954,202069,275633,16229,414542,390410,161679,540186,359603,492557,451592,313788,299444,438809,30169,336035,114036,309285,459898,142080,1966,225528,92789,333262,73831,203169,510505,176481,177152,452216,254818,156783,155015,507207,305930
2020-10-10T22:25,120269,137789,188854,210794,294188,139017,503189,379595,98447,111139,120235,273912,297054,399534,148429,359476,235010,261636,319870,468893,264212,107372,302776,406129,90993,399719,441236,462196,199015,268185,530628,190314,512019,549757,282859
2020-10-10T22:30,366217,138927,382132,124582,234849,447767,347693,488749,165219,244783,196342,45507,199884,55298,199981,163730,116967,57191,243513,406395,73029,414296,200882,150463,60690,173019,208447,224638,45222,481615,101067,276197,326722,96273,89385
2020-10-10T22:35,275297,414009,430022,436447,218853,214771,359303,466983,341700,34743,160557,227540,36937,220394,536838,375029,448493,518642,145499,392249,108700,171189,371203,372473,183145,120431,19936,139226,493510,33516,537726,281466,68170,228423,221801
2020-10-10T22:40,545819,73281,497937,267666,76209,248735,284151,226460,165956,5436,75065,27,50226,337755,364823,487647,149959,117713,276407,448655,20495,399989,406679,254253,203043,219723,448236,31314,514943,490503,447558,215341,218270,135065,335978
2020-10-10T22:45,33326,431490,202566,391117,157683,450368,485448,118925,324386,409520,474947,411170,347158,271725,371539,257139,113346,92073,191021,323233,413557,401843,297636,545666,412551,177954,242132,16546,449231,98034,373979,539247,416570,244446,172473
2020-10-10T22:50,296165,535251,289311,380489,401542,338171,466132,466492,534293,476492,1726,35714,508767,171202,288408,308496,407850,247991,408000,92957,177595,300744,76346,524212,346696,355861,277685,179222,531420,243500,465970,493588,387261,93138,246388
2020-10-10T22:55,51576,271284,296973,177809,461760,306247,11575,433227,487808,121122,239937,428724,263694,131330,246895,254892,167587,541305,389564,238175,62880,527107,151355,68171,234148,382312,249953,376005,406871,220671,445860,268145,523045,106414,407296
2020-10-10T23:00,238376,87762,549606,53851,138084,356257,357040,115741,537953,336391,14353,168126,269509,542932,83100,8674,516809,245580,183427,397569,251055,319888,290297,527669,449043,233409,263233,406659,424314,177492,367842,442945,49851,508425,368469
2020-10-10T23:05,445520,162598,112108,381558,18871,455693,318804,4214,75584,162374,69419,172095,116712,518840,356670,242729,315207,148657,272396,526802,329745,487206,545809,416840,422849,142452,468221,239395,362111,511096,510127,184613,108748,403345,332927
2020-10-10T23:10,38777,21503,388475,179664,229324,201456,536571,69584,24795,273654,139487,508773,229985,470075,295475,466361,206937,252729,474682,188523,373085,436753,407321,506044,105707,300235,321545,375681,397236,161429,78491,275703,99156,239626,520897
2020-10-10T23:15,28090,98243,523848,492261,68756,143490,280943,311897,98836,203303,507811,504027,480605,28135,459420,320857,512298,499987,45096,235490,290183,429847,250738,463130,75228,274922,105560,69483,380605,248655,140604,495679,31187,259356,276593
2020-10-10T23:20,529855,331241,238945,264034,432623,178642,224344,109641,44721,461389,224006,364525,178305,357053,462072,269789,10355,359888,36896,502495,309919,443046,527373,241529,372933,435456,506981,124282,411793,129471,55628,297572,387745,38743,257947
2020-10-10T23:25,139827,305868,188593,319416,170145,217305,133257,74296,437763,203139,99224,444476,162945,496578,324138,358818,126342,534248,378006,494668,282547,243370,326670,397855,50671,125864,194800,472573,355920,499549,353918,44323,440244,426123,501757
2020-10-10T23:30,272423,8003,326244,460174,212684,511166,518717,321413,447672,32775,430968,222083,115842,288167,184293,515462,489583,369197,410592,156470,172923,417183,537363,34346,378558,78614,525838,181793,196511,74269,279287,42887,80085,203367,12513
2020-10-10T23:35,279623,351821,5019,141678,154851,58262,388584,292189,57097,339330,145276,125509,297973,19972,408543,423399,407920,202449,352132,243815,431820,283105,389091,102579,342506,160417,234278,233137,130728,230414,262217,434537,237415,75952,177001
2020-10-10T23:40,452987,168055,306,18593,330907,27641,18904,519846,384942,436878,458030,435645,422672,212747,218418,176702,68683,224379,385442,343406,250246,492762,86848,543164,428086,315087,22733,198703,499339,521218,536475,297071,476971,351705,530748
2020-10-10T23:45,363007,384134,387943,464041,42420,182926,453796,248000,68883,56282,433103,532099,510670,121608,371676,380065,80437,530210,64954,247073,476203,470225,289499,370322,514436,63408,480791,161520,468303,57423,31992,203051,239113,83224,248555
2020-10-10T23:50,522237,112364,412283,31762,114201,262772,23211,496645,310467,310202,148456,12750,521348,292262,395961,407843,13469,372870,98398,198058,44729,506869,518700,546286,353990,94048,392665,337513,194818,413657,80747,388272,515054,505784,207584
2020-10-10T23:55,528069,7189,156868,496596,537575,189005,265722,39555,126714,6657,356789,114991,288270,476238,431195,172380,480273,238721,216739,30760,48578,152920,40373,93214,437160,142016,464751,516795,326355,194914,197158,338262,76331,145521,318126
2020-10-11T00:00,399234,422825,250030,306676,455726,26264,357762,457711,310110,283208,17758,103854,114862,547528,165088,335582,343526,275256,273461,327654,333679,187675,380235,448648,360554,463590,412457,164554,373788,439972,80869,235818,112699,309960,279597
2020-10-11T00:05,270460,540173,186909,497556,519032,40652,133427,37814,549259,407685,108018,307912,519220,309728,359934,75074,331098,151692,139418,429979,460776,111306,152336,427546,184431,17580,326429,345058,343690,58768,239386,27372,289083,259913,510067
2020-10-11T00:10,204643,74725,75718,547936,476796,413434,265131,350542,91099,193040,531137,348565,263377,479417,6137,420036,388332,403986,215164,463355,124319,57333,451488,444834,217508,163811,148702,390757,528061,29611,44644,498092,35002,220942,531835
